query_id,query,lifeCycle,department,disease,correct_idx,correct_input,verified,tfidf_top5,sbert_top5,tfidf_score1,sbert_score1
Q001,"예방접종을 어린 시절에 실시하여 6년 동안 건강하게 지내고 있는 것으로 데, 정기적으로 추가 로 접종을 해야 하는지 여쭈어봅니다. 그렇다면 어떤 형태의 주사나 약물을 사용해야 하는지도 함께 알려주시면 감사하겠습니다.",자견,내과,기타,15402,"강아지 예방접종에 관하여 질문 드립니다. 첫 번째 예방접종을 받은 후 2-3주 이내에 두 번째 예방접종을 실시하는 것으로 알고 있습니다. 5차까지의 예방접종이 완료된 경우, 이후에...",True,"[15402, 5362, 1918, 19092, 500]","[12128, 17636, 4875, 12687, 5362]",0.1747,0.7636
Q002,"강아지가 이물질을 섭취한 것으로 보이는데, 이 물질이 장내에서 배출되는지 여부에 대해 판단하기가 어렵습니다. 육안으로 확인해보았을 때는 특별히 배변으로 나오지 않은 것 같지만, 강아지가 활발하게 놀고 있는 상황입니다. 흡연 후 남은 담배 꽁초, 주방에서 사용된 행주 조각, 이불에 달려 있는 상표 택 등을 섭취한 적이 있는데, 현재까지 구토 증상은 보이지 않으며 여전히 잘 놀고 있습니다. 이러한 상황에서 똥으로 배출되지 않는 경우에 대한 조치가 필요할까요?",자견,내과,기타,3847,"제 강아지가 어제 아침에 닭다리 조각과 날개 한 조각, 그리고 치킨 뼈를 섭취하였습니다. 현재 강아지는 매우 활발하게 놀고 있습니다. 병원에 데려가 려고 준비를 하던 중, 강아지는...",True,"[3847, 14831, 9759, 17034, 12677]","[18619, 4055, 2579, 6204, 6256]",0.153,0.8224
Q003,"중성화 수술을 받은 10세의 암컷 포메라니안을 키우고 있습니다. 제 강아지는 어제부터 빈번하게 배변을 보며, 그 형태는 다소 무른 상태입니다. 또한, 일부 배변에서는 점액이 섞인 모습이 관찰되었습니다. 식욕은 양호하며, 전반적인 컨디션도 괜찮은 편이 라고 합니다. 특별히 우려되는 식이 변동은 확인되지 않았습니다. 다만, 과거에 산책하면서 도로에 있는 것으로 음식물을 탐색하는 경향이 있었으나, 최신 산책에서는 그러한 행동이 나타나지 않았습니다. 심장사상충 예방접종 역시 정기적으로 시행되고 있는 것으로 상태입니다. 어떤 건강 검진을 해야 할까요? 목욕 빈도 조정을 어떻게 판단하면 좋을까요 요점 위주로 설명해 주세요. 피부 장벽 관리에 관해 요점만 알려 주세요 실천 기준도 알려 주세요. 재발 예방을 꾸준히 이어 가려면 어떤 기준이 필요할까요? 약물 복용과 부작용을 단계별로 설명해 주실 수 있을까요 실천 기준도 알려 주세요?",자견,내과,기타,15104,"중성화가 이루어진 10세 암컷 포메라니안을 키우고 있습니다. 제 강아지는 어제 이후로 변을 자주 보며, 그 형태가 다소 묽은 편입니다. 이와 함께 일부 점액이 포함된 변의 양상을 ...",True,"[15104, 8671, 10199, 7725, 14237]","[15104, 17030, 485, 19018, 2444]",0.4044,0.9561
Q004,"저희 강아지가 기침을 계속하고 콧물도 멈추지 않은 지 꽤 오래됐어요. 처음에는 감기인 줄 알았는데, 시간이 지나도 나아지질 않아서 걱정입니다. 혹시 단순한 감기가 아니라 다른 심각한 문제일 수도 있을까요? 그리고 병원에 가서 어떤 검사를 받아봐야 정확한 원인을 알 수 있을까요? 온라인에 정보가 너무 많아서 어떤 걸 믿어야 할지 모르겠어요. 목욕과 보습을 짧게 요약해 주실 수 있을까요 요점 위주로 부탁드립니다 간단히 알려 주실 수 있을까요? 알레르겐 회피에서 중요한 포인트를 알려 주실 수 있을까요 짧게 설명해 주실 수 있을까요 실행 순서로 안내해 주실 수 있을까요?",자견,내과,기타,15497,"우리 강아지 왼쪽 윗 잇몸과 볼 쪽에 혹 같은 게 났는데, 이게 단순한 염증인지 아니면 종양인지 너무 걱정됩니다. 어떤 검사를 받아야 정확한 진단을 받을 수 있을까요? 혹시 치과 ...",True,"[15497, 14894, 8567, 12754, 17281]","[7056, 16791, 12863, 8103, 7465]",0.4282,0.8501
Q005,"현재 3세의 암컷 포메라니안 강아지를 기르고 있습니다. 2주에서 3주 전 생리가 끝났음에도 불구하고, 최근 이틀 동안 식사가 불규칙하게 이루어지는 상황입니다. 생리가 종료된 이후에 다시 생리 증상이 나타나는 것인지, 외음부에서 생리혈이 관찰되고 있는데, 이러한 상황이 발생할 수 있는지 궁금합니다.",자견,외과,자궁축농증,6960,"암컷 진도견이 약 6개월 반 정도 되었을 때 생리가 시작되었고, 현재 한 달이 넘도록 생리 기간이 지속되고 있는 상황입니다. 생리량은 매일 많이는 아니지만 한두 방울 정도로 줄어든...",True,"[6960, 7967, 6899, 9826, 15948]","[14802, 7110, 4595, 8365, 1866]",0.266,0.839
Q006,"1년 된 강아지를 분양받았는데, 오늘 검게 변한 설사를 보았습니다. 접종은 단지 1차만 실시된 상태로 알고 있습니다. 접종이 이루어지지 않아서 이러한 증상이 나타난 것인지 궁금합니다. 샴푸 주기를 시작할 때 흔히 하는 실수도 알려 주실 수 있을까요 요점 위주로 부탁드립니다. 진단 필요성을 어떻게 판단하면 좋을까요 핵심만 부탁드립니다. 가려움 완화를 짧게 요약해 주실 수 있을까요 주의할 점도 함께 알려 주세요.",자견,내과,기타,12975,2세의 중성화 수술을 받은 5킬로그램의 암컷 비숑프리제를 기르고 있습니다. 그런데 강아지가 사료를 잘 먹지 않고 간식만을 선호하여 애로사항이 있습니다. 최근 사료 훈련을 진행하기 ...,True,"[12975, 1611, 2673, 2058, 5068]","[13485, 17502, 7099, 17942, 18610]",0.3946,0.8093
Q007,"강아지의 귀에 검은색 딱지가 있는 경우, 이것이 무엇인지 궁금합니다. 귀를 닦으려고 하면 강아지가 아파하는 것처럼 보이는데, 이 상황에 대해 어떻게 해야 할지 조언해 주실 수 있으신가요?",자견,피부과,외이염,294,"강아지 눈에 검은색 이물질 같은게 있는데, 보통 이것이 무엇인지 알 수 있을까요?...",True,"[294, 403, 11509, 6695, 9849]","[2734, 11509, 6278, 18192, 5153]",0.2092,0.8537
Q008,제 반려견인 코코가 만성적인 구토 증상을 나타내어 매우 염려스럽습니다. 이러한 증상에 대해 어떤 조치를 취해야 하는지 조언해 주실 수 있으신가요?,자견,내과,기타,403,"강아지의 발에 물집이 생겼는데, 이에 대해 어떤 조치를 취해야 할지 조언해 주실 수 있으신가요?...",True,"[403, 14605, 9006, 9333, 4082]","[2661, 1662, 10087, 8419, 4797]",0.261,0.8346
Q009,"제 강아지가 잠을 자고 있을 때 숨쉬기가 힘들어하는 모습을 보이고 있습니다. 현재 13세인 노령견으로, 과거에는 이러한 증상이 없었으나 나이가 들어가면서 코고는 현상이 심해지고 있습니다. 어떤 때는 자다 갑자기 눈을 감고 고개를 들며 호흡에 어려움을 겪는 모습을 보입니다. 또한 눈을 감고 졸리는 경우도 있습니다. 원래 기관지 협착증으로 인해 거위와 유사한 소리를 내곤 했었는데, 이러한 현상이 이제 나타나게 된 원인이 기도로 인한 것인지 궁금합니다. 자다가 코가 막히는 소리도 자주 내며, 이러한 증상은 단순히 노령견에게 나타나는 특징이라 볼 수 있는지요? 수의사님의 답변을 부탁드립니다.",자견,내과,기타,1582,강아지가 호흡에 어려움을 겪고 있는 것 같습니다. 왜 이런 현상이 발생하는 것인지 여쭤보고 싶습니다. 자는 중에 갑자기 거위와 같은 소리를 내며 1-2분 정도 지속된 후 현재는 괜...,True,"[1582, 14353, 11117, 12013, 3800]","[10328, 3840, 10289, 13463, 4675]",0.1815,0.8759
Q010,"제가 현재 3살 된 중형견을 기르고 있는 것으로 보호자입니다. 애견 전용 통조림이 나 고기 등을 급여했을 때, 다음 날에는 물과 같은 물질이 섞인 설사를 하며, 때때로 피가 섞이 기도 합니다. 하지만 이후에는 금세 회복되어 이전의 상태로 돌아가 곤 합니다. 이러한 증상이 발생하는 이유가 궁금합니다. 과거에 기르던 반려견에서는 이러한 문제가 없었기에 통조림이 문제일까 싶어 다른 제품으로 시도해보았으나 결과 는 다르지 않았습니다. 결국 설사와 피가 나오는 문제가 계속 나타났습니다. 현재는 더 이상 그런 것을 주지 않으려 하지만, 그 원인을 알고 싶습니다. 다른 강아지들은 그러한 음식을 소화하기도 어려운 상황인데, 저희 강아지는 그걸 처리하는 것조차 힘들어 안타깝습니다. 여행을 갈 때 사료에 식욕을 보이지 않아 그러한 음식으로 기분 전환을 해주곤 했는데, 이번 반려견은 그러한 재미를 줄 수 없어 아쉬움이 큽니다. 과연 장이 예민한 것인지, 아니면 다른 질병이 있는 것인지 알고 싶습니다. 같은 애견 전용 사료를 섭취하고도 이러한 증상을 보이는 것이 이해가 되지 않습니다. 이에 대해 알고 계신 분이 있으시다면 조언을 부탁드립니다.",자견,내과,기타,2598,"안녕하십니까? 최근에 저희 강아지가 음식을 먹지 않아서 매우 우려하고 있습니다. 평소에는 식사 시간마다 잘 먹던 강아지인데, 최근 들어 사료나 간식을 제공해도 전혀 관심을 보이지 ...",True,"[2598, 12173, 7683, 12141, 10849]","[17199, 5030, 4483, 18833, 5591]",0.1266,0.8538
Q011,"5살 암컷 강아지 중성화 수술을 고민 중인데, 안 하면 자궁수종 외에 어떤 외와 적인 질병에 걸릴 위험이 있나요? 유선종양이나 자궁축농증이 얼마나 심각한 질병인지, 그리고 중성화 수술로 정말 예방이 가능한지 궁금합니다. 지금 수술하기에 너무 늦은 건 아닌지, 마취 위험은 어느 정도인지 걱정됩니다. 호흡기 질환이 있는 것으로 데 안전하게 수술받을 수 있는 것으로 방법과 수술 후 회복 기간은 어떻게 되나요? 헹굼 시간 기준에서 우리 아가 에게 맞춘 조정 기준이 있을까요 짧게 설명해 주실 수 있을까요? 가려움 완화를 바로 적용할 수 있게 순서를 정리해 주세요 핵심만 부탁드립니다 요점 위주로 설명해 주실 수 있을까요? 스트레스 관리를 주간 계획으로 운용하려면 어떻게 하면 좋을까요 중복 없이 정리해 주세요 실행 순서로 안내해 주실 수 있을까요? 헹굼 시간 기준을 바로 적용할 수 있게 순서를 정리해 주세요 요점 위주로 설명해 주세요 요점 위주로 설명해 주실 수 있을까요?",자견,외과,중성화수술,2245,노령의 마르티즈 암컷을 한 마리 기르고 있습니다. 그런데 이 강아지의 젖꼭지 옆에 빨간색으로 부풀어 오른 종기와 함께 흑색으로 보이는 물혹이 생긴 것처럼 보입니다. 혹시 이러한 증...,True,"[2245, 276, 5334, 5393, 7251]","[15224, 670, 15055, 12435, 6601]",0.426,0.8641
Q012,"저희 강아지는 현재 4개월 30일 정도 된 푸들입니다. 아래쪽 유치가 몇 개 빠지고 영구치가 올라오고 있는 상황입니다. 위쪽 유치 또한 몇 개 빠지면서 영구치가 두 개 올라오고 있는데, 그 중 하나는 유치가 빠지지 않은 상태에서 영구치가 올라오는 것에 대해 문제가 발생할 가능성이 있는지 궁금합니다.",자견,치과,기타,7224,"강아지의 유치와 관련하여 궁금한 점이 있습니다. 현재 강아지의 윗니 유치가 하나도 빠지지 않은 상태인데, 영구치가 이미 나고 있는 상황입니다. 이런 경우에는 어떻게 해야 할지 조언...",True,"[7224, 2273, 10368, 3068, 2823]","[14357, 7224, 4600, 5332, 15286]",0.3068,0.7991
Q013,"안녕하세요, 저희 강아지가 포도껍질을 반 개가 량 씹어서 먹어버렸습니다. 어제부터 오늘까지 설사나 구토를 하지 않고 있으며, 전반적인 컨디션도 정상인 것처럼 보입니다. 일반적으로 이러한 증상은 한 시간 내에 나타난다고 하는데, 현재로서는 이상이 없는 것 같아서 안심이 됩니다. 저희 강아지는 1살이 며 몸무게는 대략 6kg입니다. 이 상황에 대해 어떻게 생각하시는 지 궁금합니다.",자견,내과,급성신부전,12400,"급히 문의 드립니다. 제 강아지가 포도껍질을 섭취하였는데, 포도 한 송이를 모두 먹고 제가 방에 들어가서 휴대폰을 사용하고 있는 사이, 강아지가 포도껍질을 다 먹어버렸습니다. 지금...",True,"[12400, 11770, 13084, 16078, 18659]","[4362, 703, 1647, 1039, 15863]",0.1477,0.7951
Q014,"저희 애완견이 다음 주 월요일에 내안각 수술을 받을 예정입니다. 수술 과정에서 마취를 진행하는 것으로 알고 있는데, 이로 인해 사망할 위험이 있는지 궁금합니다. 또한, 수술 전에 금식 등의 준비사항에 대한 설명이 전혀 없었기에 걱정이 큽니다. 저희 애기에게 있어서는 매우 중대한 수술일 것으로 예상되는데, 이에 대한 충분한 설명 없이 진행되는 것에 대해 의문이 많습니다. 내안각 수술 중에 사망할 가능성은 있는 것인지요?",자견,안과,기타,9940,"저희 집에 있는 암컷 개가 현재 7세에서 8세 사이에 해당하는데, 중성화 수술을 실시해야 할지에 대해 고민하고 있습니다. 중성화 수술을 진행하는 이유와 함께, 제 애가 신체적으로 ...",True,"[9940, 14941, 15100, 10544, 9510]","[5807, 15715, 8241, 15319, 7888]",0.1762,0.845
Q015,"최근 갑자기 저희 강아지의 입에서 비릿한 피냄새가 나기 시작했습니다. 육안으로는 특별한 이상이 보이지 않았고, 평소에는 구취가 없던 아이였기에 더 걱정됩니다. 병원에 방문할 계획은 있지만 당장은 어려운 상황이라, 이런 냄새의 원인이 구강 문제인지 아니면 내과적인 원인이 있을 수 있는지 궁금합니다. 또한 이럴 때 보호자가 응급으로 확인하거나 조치할 수 있는 사항이 있다면 알고 싶습니다.",자견,치과,기타,18448,제가 기르는 강아지의 소변 냄새가 예전과 는 사뭇 다르게 느껴져 염려가 됩니다. 이전에는 특별히 강하지 않았던 냄새가 요즘 들어 한층 더 농후해지고 비릿한 느낌을 주고 있습니다. ...,True,"[18448, 14027, 4832, 3537, 1858]","[9718, 18325, 9930, 3251, 5878]",0.1616,0.8461
Q016,"강아지에게 비장종양, 슬개골 탈구 3기, 그리고 디스크 증상이 확인되었습니다. 이에 따라 진단을 위해 MRI 촬영을 진행하고자 합니다. 하지만, 제가 우선적으로 어떤 치료를 고려해야 할지에 대한 확신이 부족합니다. 슬개골 탈구 수술을 시행하면서 건강 검진을 진행하였을 때 비장종양이 발견되었습니다. 이러한 상황에서 비장종양 수술을 먼저 수행해야 하는지, 아니면 슬개골 수술이 우선인지를 결정하기가 어렵습니다. 만약 비장종양 수술을 먼저 진행하고 나면 면역력이 떨어질까봐 우려됩니다. 한편, 슬개골 수술을 먼저 수행한 후 비장종양 수술을 시행할 경우 비장종양에 문제가 생길까 하는 불안감도 존재합니다. 이러한 우선순위에 대한 조언을 부탁드립니다.",자견,외과,무릎뼈 탈구,7063,"저희 강아지가 벌써 7개월이 되었는데, 아직 미용을 하지 않았습니다. 그래서 미용을 하려고 병원에 문의했으나, 병원에서는 중성화 수술을 먼저 시행해야 한다고 말씀하셨습니다. 이러한...",True,"[7063, 954, 6583, 3881, 5100]","[5342, 4804, 5515, 2683, 4589]",0.1936,0.8486
Q017,"제 반려견의 심장이 빠르게 뛰는 것으로 보이는데, 일반적인 개들보다 두세 배 정도 더 빠르게 뛰고 있는 것으로 것 같습니다. 현재 7개월 된 포메라니안이 며, 얼마전 방문한 동물병원에서도 정확한 정보를 제공받지 못한 것 같아 걱정스럽습니다. 이러한 상황에 대해 어떻게 대처해야 할까요?",자견,내과,기타,5545,"강아지가 닭뼈를 섭취한 후, 특별히 켁켁거리거나 구토를 하는 증상은 보이지 않습니다만, 현재 자고 있는 동안 호흡이 빠르게 진행되고 있습니다. 이러한 상황에 대해 어떻게 대처해야 ...",True,"[5545, 9870, 13079, 8269, 13232]","[3894, 17223, 8942, 15445, 1980]",0.1882,0.8356
Q018,"제가 키우고 있는 포메라니안의 피부 상태가 매우 좋지 않은데, 이전에는 이렇게 심하게 악화되지 않았습니다. 그런데 갑자기 상태가 나빠지고 냄새도 납니다. 이러한 증상은 무엇을 의미하는 것인지 궁금합니다. 이전에 병원에서 약을 처방 받아 사용했지만, 효과를 보지 못하고 다시 악화되었습니다. 이러한 증상과 또한 제 강아지가 털이 빠지는 것과 연관이 있는지 알고 싶습니다.",성견,피부과,기타,12887,"저희 집에서 기르고 있는 강아지가 털이 덩어리로 빠지고 있으며, 살도 빠지는 것처럼 보여서 매우 걱정스럽습니다. 이 상황이 여름철 털갈이로 인한 것인지, 혹은 건강상의 문제를 나타...",True,"[12887, 18623, 3699, 4775, 6464]","[8228, 15352, 3280, 10981, 7794]",0.1448,0.8807
Q019,"저의 집에서 기르고 있는 것으로 리트리버 강아지가 메로나를 매우 원하며 짖은 모습을 보였습니다. 이에 따라 무심코 그 음식을 주었는데, 강아지가 그 메로나를 통째로 씹어먹고 나서 갑자기 나무조각까지 삼키더군요. 그 상황을 지켜보며 매우 놀라운 마음을 감출 수 없었습니다. 여러 마리 강아지를 키운 경험이 있지만, 이렇게 무엇이 든 통째로 삼키는 강아지를 목격한 것은 처음이 어서 큰 걱정이 됩니다. 문제는 강아지가 삼킨 메로나와 나무가 소화기관에서 어떤 방식으로 처리될지에 대한 것입니다. 통째로 삼킨 경우, 이러한 물질들이 소화될 가능성이 있는지, 혹은 나무조각이 장에 문제를 초래할 수 있는지에 대해 염려가 큽니다. 이러한 비상 상황에서는 즉시 동물병원에 방문해야 하는 것인지, 아니면 일정 시간 지켜보아도 무방한 것인지, 강아지가 어떤 증상을 보일 경우에 병원에 가야 하는지에 대한 안내를 받아보고 싶습니다.",성견,내과,위장관폐색,1798,"제가 리트리버를 기르고 있는데, 방금 전 메로나를 먹으려다 강아지가 너무 간절하게 달라고 짖어서 살짝 주게 되었습니다. 그때 특별히 깊이 고민하지 않고 강아지에게 주었는데, 놀랍게...",True,"[1798, 10160, 14959, 14319, 13320]","[1798, 14118, 8638, 11839, 4896]",0.2158,0.8873
Q020,"현재 저는 10살 된 말티즈를 기르고 있으며, 지난 3월부터 이 강아지가 급격히 야위어가는 모습을 보았습니다. 나이가 들어 감에 따라 오른쪽 앞다리가 탈골되는 상황까지 이르러 제대로 걷지도 못하게 되었습니다. 최근 몇 주 동안 강아지의 입냄새 또한 심해지고 있으며, 거의 매일 병원에 가서 수액치료를 받고 있는 상태입니다. 제가 전역한 지 얼마 되지 않아 강아지의 상태가 이렇게 심각한지 제대로 인지하지 못하였으나, 얼마 전부터 신장이 매우 좋지 않다는 사실을 알게 되었습니다. 특히, 요즘 강아지가 심한 냄새를 풍기고 걷는 모습이 불편해 보이면서 그동안 제가 미처 몰랐던 많은 고통을 겪고 있다는 것을 깨닫게 되었습니다. 어머니께서는 병원에서 현재 상태로도 여전히 오랫동안 살아갈 수 있다고 말씀하셨으나, 그 말이 사실인지에 대해 의구심이 듭니다. 혹시 제가 걱정을 너무 깊게 하고 있는 것인지도 모릅니다. 강아지는 식사도 제대로 하지 못하고 3월 이후로 더욱 야위어 있으며, 최근에는 입냄새가 심해져 며칠 전부터는 매일 병원에 가서 수액치료를 받고 있습니다. 이러한 상황에서 과연 이 강아지가 얼마나 더 생존할 수 있을지 궁금합니다. 인터넷에서 찾아본 결과 신장 문제가 진단된 경우 치료가 거의 불가능하다는 이야기를 접했는데, 이 점이 사실인지 확인하고 싶습니다. 만약 맞다면 어떻게 현재의 상태를 유지해야 할지, 또한 올바른 관리가 이루어진다면 강아지는 언제까지 생존할 수 있을지에 대해서도 알고 싶습니다.",성견,내과,기타,4808,강아지가 사람의 음식을 섭취할 경우 평균적으로 얼마나 오랫동안 생존할 수 있는지 궁금합니다....,True,"[4808, 3143, 2550, 1179, 10385]","[1749, 6420, 14628, 2817, 18515]",0.1553,0.8528
Q021,"저희 강아지가 물을 과도하게 섭취하고 있습니다. 물을 가득 채워주면 단 몇 분 안에 모두 마셔버리는 상황입니다. 또한, 대변과 소변은 실내에서는 보지 않고 외부에서만 해결해야 하는데, 이러한 행동을 어떻게 훈련시킬 수 있을까요? 게다가 바닥에 있는 것으로 다양한 물체를 무차별적으로 섭취하는 경향이 있습니다. 예를 들어, 풍선, 휴지 또는 물티슈 같은 물품들을 먹고 있습니다. 저희 강아지가 바닥에서 균형을 잃고 휘청거리는 경우도 있어, 병원에 내원하는 것이 필요한지 궁금합니다. 만약 이 문제를 해결할 수 있는 것으로 방안이 있다면 꼭 알려주시기 바랍니다. 참고로 저희 강아지는 나이가 좀 있습니다.",성견,내과,기타,7482,"최근에 제 강아지가 물을 거의 마시지 않는데, 이 문제를 해결할 수 있는 방법이 있을까요?...",True,"[7482, 14901, 14794, 9959, 172]","[574, 18892, 12617, 14118, 19111]",0.1784,0.7979
Q022,"저희 집 5개월된 비글 강아지가 우연히 포도를 섭취하여 걱정이 되어 이와 관련하여 문의 드립니다. 오늘 강아지가 포도를 5알 먹었고, 일부 씨와 껍질도 함께 삼킨 것으로 추정됩니다. 포도가 강아지에게 매우 위험한 음식이라는 얘기를 들었기에, 지금 즉시 어떤 조치를 취해야 할지 고민하고 있습니다. 현재로서는 특별한 이상 증세는 보이지 않지만, 시간이 지나면서 어떤 증상이 발생할지 매우 우려스럽습니다. 포도가 강아지의 건강에 미칠 수 있는 영향과, 즉각적으로 어떤 조치를 취해야 하는지 상세히 안내해 주시면 대단히 감사하겠습니다. 특히, 이 상황에서 병원에 꼭 방문해야 하는지, 아니면 집에서 관찰만 해도 되는지에 대한 조언도 부탁드립니다.",성견,내과,중독,14066,"저희 집에서 기르고 있는 2년 3개월 된 푸들이 갑자기 포도를 먹고 싶어 하는 듯한 행동을 보였습니다. 그래서 어쩔 수 없이 포도의 알맹이는 제가 먹고, 껍질에서 즙만 짜서 약 5...",True,"[14066, 13705, 1933, 9824, 5550]","[1933, 11071, 16370, 2774, 4099]",0.2434,0.8831
Q023,"저희 아이는 현재 12개월 된 골든 리트리버 암컷입니다. 몇 개월 전부터 잇몸에 작은 혹처럼 보이는 것이 생겼는데, 지금은 콩알만큼 커졌습니다. 최근에는 아이가 물거나 장난칠 때 그 부위에서 피가 나는 일이 생기고 있어 걱정이 됩니다. 이 혹에 대해 어떤 치료가 필요한지 알고 싶습니다.",성견,치과,치은염,14273,1살 된 중성화된 암컷 푸들의 잇몸이 6개월 전부터 부풀어 오르고 출혈이 발생하는 상황이 지속되고 있습니다. 양치를 할 때마다 피가 나고 아이가 싫어해서 이를 계속 해야 할지 고민...,True,"[14273, 3498, 14288, 1424, 4873]","[5880, 3673, 8091, 2947, 14075]",0.1806,0.7758
Q024,"10세 된 강아지의 슬개골 탈구 수술에 관하여 질문을 드립니다. 오늘 동물병원에 방문하여 진단을 받았는데, 두 쪽의 뒷다리가 모두 슬개골 탈구 3기로 확인되었습니다. 저희 강아지가 10세로 노견인만큼 수술 후 완치가 불가능할 것이라는 우려가 있었습니다. 또한, 전신 마취가 노견에게 위험할 수 있으며, 이로 인해 마취에서 깨어나지 않을 위험성도 있다고 이야기를 들었습니다. 강아지는 오늘 갑작스럽게 이러한 증상이 나타났으며, 현재 절뚝거리면서 정상적으로 걷지 못하고 있는 상황입니다. 이 저희 강아지에게 어떤 조치를 취해야 할지를 조언해 주시면 감사하겠습니다.",성견,외과,기타,6583,"요크셔 테리어 슬개골 탈구 3기 판정을 받았는데, 몇 가지 문의드릴 사항이 있어 질문을 남깁니다. 현재 제가 기르고 있는 강아지는 9세 수컷 요크셔 테리어입니다. 최근 갑작스럽게 ...",True,"[6583, 3881, 3559, 954, 10745]","[13, 4473, 6607, 16761, 2410]",0.2549,0.8742
Q025,"제 강아지가 호흡과 관련하여 질문이 있습니다. 최근에 강아지가 숨을 조금 더 빠르게 쉬는 경향이 있는 것으로 것 같는데, 혹시 어떤 질병이 나 통증이 있는 것인지 궁금합니다. 보호 장구 사용 요령에서 중요한 포인트를 알려 주실 수 있을까요 요점 위주로 부탁드립니다 간단히 알려 주실 수 있을까요?",성견,내과,기타,6958,저는 4개월 된 비숑을 기르고 있습니다. 현재 유치가 깨진거 같고 이로 인해 잇몸 주위가 부어올라 보이기도 하여 걱정이 되고 있습니다. 지금 상태가 괜찮은 걸까요? 병원에 바로 가...,True,"[6958, 11953, 15497, 1117, 12296]","[12254, 16547, 18516, 1611, 9825]",0.3606,0.8388
Q026,"강아지가 목에 무언가 걸린 듯한 상태로 켁켁거리며 기침을 하는 증상을 보이고 있습니다. 이번 월요일에 갑자기 이러한 증상이 나타났으며, 현재까지도 10회 이상 반복되고 있는 것 같습니다. 이와 같은 증상이 나타나는 이유는 무엇인지 알고 싶습니다. 금요일에 치킨 뼈를 급여한 일이 있는데, 그것과 관련이 있을까요?",성견,내과,위장관폐색,9920,"제 강아지가 목에 무언가 걸린 듯이 지속적으로 켁켁거리고 있으며, 코가 막힌 것처럼 자주 숨을 헐떡입니다. 이러한 증상은 단지 한 번만 발생한 것이 아니라 가끔씩 반복되고 있습니다...",True,"[9920, 8730, 15540, 15197, 4257]","[4748, 6633, 11761, 7465, 14466]",0.2125,0.8271
Q027,"현재 6세 된 시바가 누의 중성화되지 않은 수컷을 기르고 있습니다. 강아지는 현재 4층 계단을 오를 때 잠시 쉬었다 올라가 고 있으며, 저녁 시간에는 엎어진 자세로만 누워 있는 것으로 모습을 보이고 있습니다. 오늘 아침에는 강아지의 상태가 더욱 악화되어 엎드린 자세에서 돌려 앉은 것도 어려워 보였으며, 평소처럼 쾌활하게 걷지 않고 있는 것으로 것 같습니다. 새로운 환경에 도착했을 때 원래는 매우 활발한 반응을 보였으나, 이번에는 기력이 떨어진 듯하며 좌석에 올라가 는 것도 불편해 보입니다. 아울러, 강아지는 이미 2년 전부터 혈뇨를 경험해왔으며, 초기에는 소변을 보지 못해 요도 확장제와 염증 치료제를 투여한 바 있습니다. 이러한 요도 확장제를 1년이 량 사용했으나, 여전히 소변을 잘 보지 못하고 약하게 보다가 현재는 혈뇨 증상이 나타나고 있습니다. 초반에는 소변이 시작할 때 한 방울씩 나왔지만, 최근에는 소변을 한꺼번에 볼 때에는 혈뇨가 보이지 않고 몇 방울씩 피가 섞여 나오고 있으며, 약을 복용할 때는 상태가 괜찮았습니다. 하지만 하루 동안 식욕 부진을 보이고 꼬리가 처지는 모습이 관찰되었으며, 창문에 설 때에는 머뭇거리는 행동을 보였습니다. 뒷다리에 표피염이 3차례 발생하여 치료를 받은 이력이 있으며, 피는 주로 소변의 앞부분에서 나오는 것으로 확인되었습니다. 3-5개월 전에는 항생제를 복용한 것 또한 사실이 며, 뇨검사에서 대장균이 발견되었다고 들었습니다. 항염 외용제 사용을 시작할 때 흔히 하는 실수도 알려 주실 수 있을까요? 피부 장벽 회복을 주간 계획으로 어떻게 배치하면 좋을까요 비슷한 질환과 구분 기준도 알려 주실 수 있을까요? 검사 우선순위에서 중요한 포인트를 알려 주실 수 있을까요 비슷한 질환과 구분 기준도 알려 주실 수 있을까요 주의할 점도 함께 알려 주세요. 내원 시점을 집에서 실천할 때 꼭 지켜야 할 점이 있을까요 주의할 점도 함께 알려 주세요.",성견,내과,기타,17836,"14세의 중성화된 수컷 말티즈입니다. 4층 계단을 오르내릴 때 쉬어가며 올라가고 있으며, 저녁에는 엎드린 자세로만 누워 있는 경우가 많습니다. 오늘 아침에는 상태가 더욱 악화되어 ...",True,"[17836, 14249, 15556, 5708, 635]","[15556, 14249, 17836, 14201, 4777]",0.3718,0.8944
Q028,"저희 개는 현재 11세입니다. 개의 전반적인 행동이나 식사 상태는 모두 양호하나, 항문 부위에 고름과 피가 보이며 그 상태가 더욱 악화되고 있습니다. 병원에 데려가고 싶으나, 개가 매우 사나운 탓에 어려움을 겪고 있습니다. 이와 관련하여, 집에서 할 수 있는 치료 방법이 있을지 문의 드립니다. 참고로 동물병원에서 구매한 핑크 스프레이를 가끔 뿌리고 있습니다.",성견,외과,기타,9553,"제 강아지는 현재 11세입니다. 일반적으로 움직임과 식사는 모두 양호합니다. 그러나 최근에 항문 부위에 고름과 같은 물질이 보이고 피가 흐르는 증상이 나타났고, 이 증상은 시간이 ...",True,"[9553, 16591, 2913, 8202, 2078]","[9553, 16733, 6916, 2484, 6518]",0.3271,0.9314
Q029,"저는 아가 와 함께 산쪽으로 훈련을 다녀왔는데, 돌아와서 보니 상처 부위가 있어서 진드기에 물린 건 아닐까 싶어요. 다행히 심장사상충 예방은 꾸준히 잘 해오고 있고, 진드기는 이미 떨어진 것 같긴 한데, 혹시 다른 문제가 생길 가능성은 없을 지 걱정돼요. 재발 예방과 관련해 권장 기준을 알려 주세요 비슷한 질환과 구분 기준도 알려 주실 수 있을까요 짧게 정리해 주시면 좋겠습니다. 목욕과 보습을 주간 계획으로 운용하려면 어떻게 하면 좋을까요 요점 위주로 설명해 주세요. 내원 시점의 핵심 기준을 알려 주실 수 있을까요 요점 위주로 설명해 주세요.",성견,내과,기타,6201,"가끔씩 제 강아지가 지나치게 흥분하는 상황에서는 호흡이 힘들어하는 모습을 보입니다. 현재 저는 한 달에 한 번 심장사상충 예방약을 복용시키고 있으며, 활발하게 놀고 식사도 잘 하고...",True,"[6201, 10747, 9106, 17634, 276]","[1680, 2143, 12972, 18217, 15832]",0.3519,0.8026
Q030,"저희 반려견은 17세된 중성화된 수컷 말티즈입니다. 간식을 급여한 후 일시적으로 기침이 심해지고 호흡이 나빠진 적이 있었지만 현재는 호흡이 안정되었습니다. 앞으로 간식을 주실 때는 소량씩 나누어 주시는 것이 좋을까요? 더불어 제 반려견은 기저에 심장질환과 기관 허탈이 있는 상태이기 때문에, 미용 등으로 인해 스트레스를 유발하는 상황이 위험할 수 있다고 들었습니다. 혹시 그러한 점에서 주의해야 할 사항이 있을지 궁금합니다. 혹시 동물병원에서도 기본적인 관리인 발털 및 귀 관리 정도는 가능한지 알고 싶습니다.",성견,내과,기타,6480,"중성화된 암컷 포메라니언이 10세로, 오랫동안 같이 해온 아가 입니다. 현재 이 강아지는 식욕이 크게 감소하였고, 호흡이 힘들어 보인다는 자각 증상을 나타내고 있습니다. 특히, 호...",True,"[6480, 7523, 18129, 7802, 1961]","[11352, 2812, 15883, 10436, 8078]",0.1211,0.8504
Q031,"제 강아지가 노견인데, 입에서 나는 악취가 매우 심각합니다. 껌을 제공해 보았으나 별다른 효과 를 느끼지 못하였습니다. 이러한 상황에서 제가 어떤 조치를 취해야 할지 조언을 주실 수 있을까요? 약물 복용과 부작용을 어떻게 판단하면 좋을까요 간단히 알려 주실 수 있을까요 간단히 알려 주실 수 있을까요 간단히 알려 주실 수 있을까요 간단히 알려 주실 수 있을까요 간단히 알려 주실 수 있을까요 간단히 알려 주실 수 있을까요 간단히 알려 주실 수 있을까요 간단히 알려 주실 수 있을까요 간단히 알려 주실 수 있을까요 핵심만 알려 주실 수 있을까요? 초기 악화 대처에 관해 요점만 알려 주세요 짧게 설명해 주실 수 있을까요 핵심만 부탁드립니다. 재발기의 신호와 관련해 권장 기준을 알려 주세요 짧게 설명해 주실 수 있을까요 간단히 알려 주실 수 있을까요? 약 복용 시간 관리에 관해 핵심만 짚어 주실 수 있을까요 요점 위주로 설명해 주세요 핵심만 부탁드립니다. 스트레스 관리에 대해 단계별로 설명해 주실 수 있을까요 바로 실천할 수 있게 정리해 주세요 핵심만 부탁드립니다. 검사 우선순위를 시작할 때 흔히 하는 실수도 알려 주실 수 있을까요 현실적으로 적용하는 요령도 알려 주세요 주의할 점도 함께 알려 주세요.",성견,치과,기타,3043,강아지 슬개골 수술 방법인 안티로테가 션 수술법과 TTT 수술법 사이의 차가 점에 대해 자세히 설명해 주실 수 있으신지요? 운동량 조절을 어떻게 판단하면 좋을까요 간단히 알려 주실...,True,"[3043, 15497, 17281, 12754, 10459]","[52, 11797, 11338, 12927, 452]",0.8502,0.8519
Q032,"저희 집 강아지의 눈이 뿌옇게 변한 것 같은데, 이 상태가 백내장일 가능성이 있는지 궁금합니다.",성견,안과,기타,700,제가 관찰하기로는 제 반려견의 눈이 뿌옇게 변한 것 같습니다. 이는 혹시나 무엇인가 아픈 징후일까요?...,True,"[700, 13303, 12131, 17052, 15208]","[13303, 17007, 11927, 12131, 16311]",0.3586,0.8721
Q033,제 반려견의 오줌에서 검은 날카로운 유리조각과 유사한 물체가 발견되었습니다. 이러한 물체는 잘 부서지는 특성을 지니고 있습니다. 이에 대해 전문이의 조언을 부탁드립니다.,성견,내과,기타,14904,"제 강아지의 눈 안에서 검은 색의 물체를 발견하였습니다. 강아지가 자고 있을 때 흰자 위에 그 검은 색 물체가 보이는 것을 확인하였는데, 눈꼽처럼 보이지는 않습니다. 이와 같은 증...",True,"[14904, 6272, 1527, 696, 16478]","[10595, 7017, 17091, 16362, 8422]",0.1911,0.8025
Q034,"제 반려동물이 포메라니안으로, 현재 2년 7개월이며, 체중은 3.5kg입니다. 이 반려동물은 중성화 수술을 시행하였고, 체형은 평균적인 상태를 유지하고 있습니다. 주로 실내에서 생활하며, 운동은 주 1회에서 2회 정도 산책을 시켜주고 있습니다. 간식은 거의 매일 제공하고 있으며, 양치질은 주 1회 실시합니다. 배변 활동은 일 1회에서 2회 정도 있으며, 배변과 소변의 상태는 모두 정상입니다. 알레르기는 섭취로 인해 나타나고 있으며, 슬개골 탈구증은 치료를 마쳤으나, 피모 상태의 불량은 현재 치료 중입니다. 이러한 상황에 대해 궁금한 점이 있어, 반려동물의 건강에 미치는 영향을 알고 싶습니다.",성견,내과,기타,7315,"반려동물의 건강에 관하여 몇 가지 궁금한 점이 있습니다. 제가 기르고 있는 반려동물은 믹스견으로 현재 15세이며, 체중은 약 3.8kg입니다. 현재 중성화 수술을 받은 암컷으로, ...",True,"[7315, 997, 3061, 9312, 6510]","[17953, 1233, 9312, 8568, 14619]",0.4102,0.9318
Q035,"강아지가 갑자기 귀를 지속적으로 긁은 모습을 관찰하였는데, 그 상태가 매우 염려스럽습니다. 이러한 증상이 발생한 이유와 그 원인에 대해 알고 싶습니다. 또한, 이러한 상태가 어떤 질병이 나 문제와 관련이 있는지도 궁금합니다. 진드기와 곰팡이 에 관해 집에서 관리할 때 주의할 점을 정리해 주실 수 있을까요? 진드기와 곰팡이 에 관해 감별해야 할 질환을 핵심만 알려 주실 수 있을까요?",노령견,피부과,외이염,15742,강아지가 곰팡이 피부병에 걸린 것인지 궁금합니다. 몸 여러 부위에 딱지가 형성되어 있는 것으로 것 같습니다. 피부와 곰팡이 에 관해 집에서 관리할 때 주의할 점을 정리해 주실 수 ...,True,"[15742, 9360, 3877, 9251, 12747]","[14830, 7339, 13402, 890, 14294]",0.3946,0.8519
Q036,"어젯밤에 12세인 제 강아지가 갑자기 몸을 휘저으며 경련을 일으키고, 소리를 지르며 바닥에 오줌을 싸고 구토를 하였습니다. 이러한 증상을 지켜보았을 때, 이 강아지가 어떤 심각한 질병에 걸린 것은 아닐까 하는 것입니다. 하지만 현재 강아지가 다시 괜찮은 것처럼 보이긴 합니다. 혹시 이 증상으로 인해 강아지가 죽을 수도 있는 것인지 궁금합니다.",노령견,내과,기타,8046,"강아지가 경련을 일으키고 있으며, 몸을 제대로 움직이지 못하고 있는 상황입니다. 이러한 증상에 대한 원인과 대처 방안에 대해 문의드리고자 합니다....",True,"[8046, 17019, 2761, 18334, 9850]","[14058, 8033, 15270, 14550, 18844]",0.2232,0.8176
Q037,"애기 때부터 슬개골이 탈구된 상태였는데, 최근 병원을 방문했을 때 3기로 진단받아 수술을 권장받았습니다. 당장은 수술이 불가능한 상황이어서 약물 처방을 받고, 카페에서 본 슬개골 운동을 참고하여 다리를 손으로 왔다 갔다 해 주는 운동을 시도했습니다. 그러나 그 이후로 우리 강아지의 다리 상태가 더욱 악화되었습니다. 이전에 수의사께서 수술이 필요한 것은 맞지만, 지금까지 6년을 잘 지내왔으며 근육도 충분하기 때문에 반드시 수술을 하지 않아도 될 것이라고 하셨기에 이렇게 지내온 것이 너무 미안하고 슬픕니다. 제가 왜 그런 판단을 하였는지, 그리고 잘 알지 못하면서 괜히 시도한 것이 너무 후회스럽습니다. 다음 주에 다리 수술을 계획하고 있지만, 현재 다리에 손이 닿기만 해도 뼈가 움직이는 것이 느껴집니다. 쭈그려 앉아 있을 때마다 걱정이 밀려옵니다. 며칠 전까지만 해도 30분 이상 운동을 거뜬히 하던 강아지가 오늘은 10분 동안 걷는 것조차 지쳐 헥헥거리며 느리게 걷고 있는 모습을 보니, 더운 날씨 때문일까 하는 생각도 드는 반면, 그것은 아닌 것 같습니다. 제가 주인으로서 자격이 있는지 의심스럽습니다. 자취를 하다가 1년 반 만에 돌아와서 잘해주고 싶었으나, 제가 돌아온 뒤로 모든 것이 잘못되고 있는 것 같은 느낌입니다.",노령견,외과,기타,11708,"3일 전에 고관절 수술을 받고 오늘 퇴원하였습니다. 집에 돌아온 후 뒷다리를 왔다 갔다 하게 하는 운동을 시켜 보았는데, 그 부위에서 미세한 출혈이 발생하였습니다. 이러한 상황이 ...",True,"[11708, 13865, 1884, 8352, 1932]","[18805, 2603, 11719, 11980, 15749]",0.1234,0.8611
Q038,"2세의 중성화되지 않은 수컷 스피츠가 최근 들어 일부 특정 행동에서 이전과는 다른 양상을 보이고 있으며, 이로 인해 불안감이 들고 있습니다. 특히, 강아지는 자주 짖거나 흥분되는 모습을 보이고 있습니다. 이러한 행동 변화가 심리적 문제와 관련이 있을 가능성에 대해서는 어떻게 생각하십니까?",노령견,내과,기타,10250,"최근 반려견이 평소와 는 다른 이상한 행동을 보이고 있어 매우 염려됩니다. 예전에 비해 소리에 더욱 민감하게 반응하며, 작은 자극에도 깨갱거리거나 소리를 지르는 모습을 발견하였습니...",True,"[10250, 14911, 11614, 8286, 673]","[10250, 15526, 17917, 2193, 5853]",0.1849,0.825
Q039,"강아지 몸에서 나오는  액체가 방광에서 나오는 오줌인지 자궁 쪽에서 나오는 분비물인지잘 모르겠어요. 자꾸 찔끔찔끔 나오는데, 어떤 문제로 인한 것인지 잘 구분이 안 되어서 불안합니다. 혹시 자궁에 문제가 생긴 건 아닌지 걱정되기도 합니다. 병원에 가서 초음파 검사를 받는 게 좋을까요?",노령견,내과,기타,6989,"저희 강아지가 6세인 암컷인데, 최근에 배를 만지다가 젖이 나오는 것을 발견하였습니다. 이 젖은 하얀색이며, 이전에 2세 또는 3세 때 교배를 한 경험이 있는데 그때 임신에는 이르...",True,"[6989, 11240, 15705, 7762, 15579]","[223, 18410, 18600, 3144, 9385]",0.1645,0.7909
Q040,"강아지의 송곳니 위치에 이빨리 2개가 있는 것으로 상황인데, 추가적인 검진을 위해 동물병원을 방문해야 하는지 궁금합니다. 산책 시 주의를 어떻게 판단하면 좋을까요 간단히 알려 주실 수 있을까요 간단히 알려 주실 수 있을까요 간단히 알려 주실 수 있을까요 간단히 알려 주실 수 있을까요 간단히 알려 주실 수 있을까요 간단히 알려 주실 수 있을까요 간단히 알려 주실 수 있을까요 간단히 알려 주실 수 있을까요 핵심만 알려 주실 수 있을까요? 재발기의 신호에서 중요한 포인트를 알려 주실 수 있을까요 간단히 알려 주세요 실행 순서로 안내해 주실 수 있을까요? 귀·발 관리의 경과를 어떤 기준으로 확인하면 좋을까요 현실적으로 적용하는 요령도 알려 주세요 간단히 알려 주실 수 있을까요?",노령견,치과,기타,3043,강아지 슬개골 수술 방법인 안티로테가 션 수술법과 TTT 수술법 사이의 차가 점에 대해 자세히 설명해 주실 수 있으신지요? 운동량 조절을 어떻게 판단하면 좋을까요 간단히 알려 주실...,True,"[3043, 7296, 2225, 6408, 9303]","[15790, 1183, 9851, 877, 8606]",0.8651,0.8836
Q041,"중성화 수술은 반드시 시행해야 하는 것인지 궁금합니다. 특히 중성화 수술이 반드시 필요한지, 혹은 시행하는 것이 유리한 것인지에 대한 의문이 있습니다. 또한, 7세 이후에는 노화로 인해 암컷의 경우 자궁이나 유방 관련 질환이 발생할 가능성이 증가한다고 들었습니다. 어릴 때 입양 시 중성화를 실시하는 것이 좋다는 조언을 받았는데, 제가 현재 4살 된 암컷 말티즈를 입양한 상황에서 여전히 중성화를 진행하지 않은 상태입니다. 이러한 경우 수술을 진행하는 것이 바람직할까요?",노령견,외과,자궁축농증,7673,"현재 6세의 체중이 10kg인 웰시코기 암컷 강아지가 있습니다. 이 강아지는 중성화 수술을 받지 않은 상태이며, 여전히 생리를 하고 있는 상황입니다. 이 경우, 중성화 수술을 받는...",True,"[7673, 12073, 17559, 11680, 10294]","[11920, 9709, 8322, 13086, 12435]",0.2393,0.8365
Q042,저희는 올해 13살이 된 시츄 암컷 강아지를 키우고 있습니다. 노령견으로 나이가 많은 편인데 요즘 들어서 집 안에서 주로 누워만 지내고 기운이 없는 모습입니다. 돌아다니는 것도 거의 하지 않고 있습니다. 이러한 이상 현상이 갑작스럽게 나타나서 매우 걱정이 됩니다. 아침 시간에 용변을 보러 나갈 때는 여전히 잘 걷고 돌아다니는 모습이 보입니다. 도대체 왜 집에 있을 때만 이렇게 기운이 없고 무기력한지 궁금합니다.,노령견,내과,기타,10251,"나이가 많은 반려견의 눈이 최근에 하얗게 변한 것처럼 보이는데, 이로 인해 백내장이 발생했을 가능성에 대해 매우 걱정하고 있습니다. 그 강아지가 돌아다니는 모습을 보아할 때, 시력...",True,"[10251, 15830, 16129, 9519, 2422]","[7549, 5509, 3115, 9532, 6492]",0.141,0.797
Q043,"제 강아지가 계속해서 몸을 떨고 불안하게 돌아다니며 중간중간 팔을 뻗는 자세를 취하고 있습니다. 식욕은 없진 않지만 저녁에 닭가슴살을 조금 먹었습니다. 이러한 상황이 많이 걱정되는데, 현재 밤이라 근처에 병원도 없어 난처한 상황입니다.",노령견,내과,기타,10026,"저희 강아지가 자주 소변을 보려는 자세를 취하고 있는데, 대변인지 소변인지에 대해서는 확신이 없습니다. 애완견은 암컷이며, 아무런 배출도 없이 그 자세를 반복적으로 취하고 있습니다...",True,"[10026, 18215, 12536, 159, 14050]","[6143, 16894, 6294, 19170, 5808]",0.1557,0.7894
Q044,"제 비숑 프리제가 4개월 된 남아이며, 현재 체중은 2kg입니다. 이 강아지는 아직 중성화 수술을 받지 않았습니다. 현재로서는 체형이 말랐다고 평가되며, 주로 실내에서 생활하고 있습니다. 저는 강아지를 주 3회에서 5회 정도 산책시키고 있으며, 간식은 주 1회에서 2회 정도 주고 있습니다. 양치질은 거의 하지 않고 있는 상황입니다. 배변 활동은 하루 1회에서 2회 정도로 정상적인 상태이며, 변과 소변도 모두 정상입니다. 알레르기 문제는 없으며, 이전에 소화기 질환 치료를 마친 경험이 있습니다. 이정도로 아이를 케어하면 되는지 궁금합니다.",노령견,내과,기타,7315,"반려동물의 건강에 관하여 몇 가지 궁금한 점이 있습니다. 제가 기르고 있는 반려동물은 믹스견으로 현재 15세이며, 체중은 약 3.8kg입니다. 현재 중성화 수술을 받은 암컷으로, ...",True,"[7315, 2393, 18450, 6494, 14387]","[4311, 18069, 15483, 7727, 12844]",0.3598,0.8631
Q045,"안녕하세요. 현재 1년 6개월 된 1.4kg의 말티즈를 돌보고 있습니다. 얼마 전 문에 부딪혀 쓰러진 후, 즉시 입원하여 주사를 맞고 산소실에서 치료를 받다가 안정된 상태를 회복하여 오늘 퇴원하였습니다. 지금은 중심을 잘 잡고, 가족들을 모두 알아보며 꼬리도 흔들고는 있지만, 이전과 달리 혀를 계속 내밀고 있는 모습이 보입니다. 인터넷에서 확인해보니 뇌진탕의 증상으로 혀를 내밀기도 한다고 하더군요. 저희 강아지가 아직 완전히 회복되지 않은 것인지 궁금합니다. 처음 병원에 갔을 때 뇌출혈의 가능성도 있다고 해서 MRI 촬영을 고려했으나, 상태가 많이 좋아져 퇴원하게 되었습니다. 다른 증상은 다 정상적인데, 예전과 다르게 지속적으로 혀를 내밀고 있는 것이 매우 걱정이 됩니다. 혹시 추가적인 검사가 필요한 것인지, 아니면 시간이 지나면 자연스럽게 돌아올 수 있는 것인지에 대해 궁금합니다. 답변 부탁드립니다.",노령견,외과,기타,13272,경과 기록 방법을 짧게 요약해 주실 수 있을까요 현실적으로 적용하는 요령도 알려 주세요. 목욕제 선택에 관해 요점만 알려 주세요 요점 위주로 설명해 주실 수 있을까요? 현재 1년 ...,True,"[13272, 7262, 2095, 8605, 16118]","[4770, 13281, 6150, 5499, 756]",0.3543,0.8329
Q046,"저희 강아지가 현재 체중이 약 11킬로그램인데, 적정 체중이 대략 7킬로그램 정도라고 들었습니다. 일일 운동량은 상당히 많아 하루에 최소 1시간 이상 산책을 하고 있습니다. 그러나 강아지가 3살이 되면서 다리 휨이 눈에 띄고, 코도 벌써 벗겨지는 증상이 나타나 걱정스럽습니다. 노화의 징후가 이미 보이고 있는 것으로 것 같습니다. 현재 3개월째 자연식을 하고 있으며, 고기 6: 곡식류 2: 야채류 2 비율로 식단을 구성하고 있습니다. 그러므로 자연식을 통해 다가 어트를 할 수 있는 것으로 방법에 대해 조언을 부탁드립니다. 알레르겐 회피를 짧게 요약해 주실 수 있을까요 요점 위주로 부탁드립니다. 귀·발 관리를 어떻게 판단하면 좋을까요? 식이 조절과 간식을 주간 일정으로 어떻게 배치하면 좋을까요 요점 위주로 부탁드립니다.",노령견,내과,기타,2985,"토가 푸들이 건강에 관한 전문이의 조언을 원합니다. 특히 심혈관질환을 치료 중에 있는 것으로 데, 이와 관련하여 어떤 사항에 주의를 기울여야 할지 궁금합니다. 환경 관리를 주간 일...",True,"[2985, 19093, 18987, 4414, 8514]","[12385, 13498, 5533, 4019, 13983]",0.1876,0.815
Q047,"강아지가 쿠싱증후군에 걸렸는지 궁금합니다. 저희 할머니 댁에 방문할 때마다 제 강아지의 피부 상태가 악화되고 있는데, 특히 허리와 꼬리 부분의 털이 매우 푸석푸석해지고 각질이 발생하고 있습니다. 이에 따라 인섹트 프로틴 사료로 변경하고 영양제도 급여하고 있으나, 각질은 많이 개선된 반면에 푸석한 털과 탈모는 여전히 그대로인 듯합니다. 오히려 상황이 더 심각해진 것처럼 느껴집니다. 물을 마시는 양이나 소변량, 배의 볼록함은 일반적인 상태입니다. 코의 잔등, 양쪽 옆구리, 양쪽 귀에서 탈모가 심하게 진행되고 있으며, 나머지 부위의 털은 잘 자라고 있는 상태입니다.",노령견,내과,부신피질기능항진증,17253,"할머니 댁에 있는 강아지가 피부병의 증상을 보이는 것 같습니다. 이에 대해 구체적으로 어떤 질병인지 알려주실 수 있으며, 치료 방법은 어떻게 진행되는지 궁금합니다....",True,"[17253, 7842, 14193, 9596, 6840]","[14056, 12550, 7794, 14269, 3602]",0.1435,0.8241
Q048,"저는 강아지를 키우고 있는데, 치아에 통증이 생겼을 때 아이도 사람처럼 아파하겠죠? 강아지도 치통을 느낀다면 얼마나 아픈 건지, 또 그런 통증이 있을 때 보호자인 제가 어떤 행동을 통해 알아차릴 수 있는지도 알고 싶어요. 아이가 말을 못 하니까 더 조심히 살펴보게 됩니다.",노령견,치과,기타,15139,"저희 아이 이빨에 갈색 점이 생겼습니다. 단순한 치석일 수도 있지만 혹시 충치일까 봐 걱정됩니다. 강아지도 충치가 생길 수 있는지, 충치라면 사람처럼 치료가 가능한지 아니면 발치를...",True,"[15139, 17131, 4323, 3020, 16919]","[6226, 14412, 16137, 16277, 6085]",0.1401,0.8138
Q049,제 강아지의 눈꺼풀에 어떤 이상한 것이 생겼습니다. 아이도 불편해하는것 같고 눈을 자극하는것  같습니다. 이와 같은 증상이 나타나는 이유는 무엇인지 궁금합니다. 저는 13살의 노령견을 기르고 있습니다.,노령견,안과,결막염,9185,"저희 강아지가 9세의 말티즈인데, 눈꺼풀에 상처가 있는 것으로 것 같습니다. 이와 같은 상태의 눈꺼풀에 대해 확인해 주실 수 있으신지요? 산책 시 주의에 대해 단계별로 설명해 주실...",True,"[9185, 18142, 2340, 13800, 5804]","[6085, 10034, 2986, 7880, 16332]",0.2339,0.8283
Q050,"최근의 개들의 평균 수명은 대체로 어떻게 되는지 궁금합니다. 제가 아는 지인의 반려견이 최근에 세상을 떠난 일이 있어서, 저희 반려견도 같은 상황에 처할까 염려가 됩니다.",노령견,내과,기타,8735,강아지의 일반적인 평균 수명은 대체로 얼마 정도로 예상할 수 있을까요?...,True,"[8735, 359, 784, 18291, 2378]","[5016, 2378, 2163, 7369, 784]",0.2769,0.811
